"","CHILD_DEATH_YR","CNT_BY_UNDERLYING_COD","CNTY_YR_DEATH_TOTAL","CNTY_YR_DEATH_TOTAL_PER_10000_CNTY_RES","CNTY"
"1","2010","1",4,1.16,"ADAMS"
"2","2011","1",5,1.45,"ADAMS"
"3","2012","1",2,0.58,"ADAMS"
"4","2013","3",4,1.15,"ADAMS"
"5","2013","1",4,1.15,"ADAMS"
"6","2014","1",1,0.28,"ADAMS"
"7","2015","1",3,0.85,"ADAMS"
"8","2016","1",6,1.7,"ADAMS"
"9","2017","2",6,1.7,"ADAMS"
"10","2017","1",6,1.7,"ADAMS"
"11","2018","1",4,1.13,"ADAMS"
"12","2010","3",18,0.5,"ALLEN"
"13","2010","2",18,0.5,"ALLEN"
"14","2010","1",18,0.5,"ALLEN"
"15","2011","5",15,0.41,"ALLEN"
"16","2011","2",15,0.41,"ALLEN"
"17","2011","1",15,0.41,"ALLEN"
"18","2012","3",15,0.41,"ALLEN"
"19","2012","1",15,0.41,"ALLEN"
"20","2013","2",24,0.66,"ALLEN"
"21","2013","1",24,0.66,"ALLEN"
"22","2014","6",25,0.68,"ALLEN"
"23","2014","3",25,0.68,"ALLEN"
"24","2014","2",25,0.68,"ALLEN"
"25","2014","1",25,0.68,"ALLEN"
"26","2015","4",21,0.57,"ALLEN"
"27","2015","3",21,0.57,"ALLEN"
"28","2015","2",21,0.57,"ALLEN"
"29","2015","1",21,0.57,"ALLEN"
"30","2016","2",21,0.56,"ALLEN"
"31","2016","1",21,0.56,"ALLEN"
"32","2017","4",18,0.48,"ALLEN"
"33","2017","2",18,0.48,"ALLEN"
"34","2017","1",18,0.48,"ALLEN"
"35","2018","4",16,0.43,"ALLEN"
"36","2018","2",16,0.43,"ALLEN"
"37","2018","1",16,0.43,"ALLEN"
"38","2010","2",6,0.78,"BARTHOLOMEW"
"39","2010","1",6,0.78,"BARTHOLOMEW"
"40","2011","2",5,0.64,"BARTHOLOMEW"
"41","2011","1",5,0.64,"BARTHOLOMEW"
"42","2012","1",5,0.63,"BARTHOLOMEW"
"43","2013","1",5,0.62,"BARTHOLOMEW"
"44","2014","2",7,0.87,"BARTHOLOMEW"
"45","2014","1",7,0.87,"BARTHOLOMEW"
"46","2015","1",5,0.61,"BARTHOLOMEW"
"47","2016","1",5,0.61,"BARTHOLOMEW"
"48","2017","1",5,0.61,"BARTHOLOMEW"
"49","2018","1",1,0.12,"BARTHOLOMEW"
"50","2012","1",1,1.13,"BENTON"
"51","2016","1",1,1.15,"BENTON"
"52","2010","1",2,1.56,"BLACKFORD"
"53","2011","1",1,0.78,"BLACKFORD"
"54","2017","1",1,0.82,"BLACKFORD"
"55","2018","1",1,0.82,"BLACKFORD"
"56","2010","1",1,0.17,"BOONE"
"57","2011","1",2,0.34,"BOONE"
"58","2013","1",2,0.33,"BOONE"
"59","2014","1",1,0.16,"BOONE"
"60","2015","1",2,0.31,"BOONE"
"61","2016","1",3,0.46,"BOONE"
"62","2018","1",4,0.61,"BOONE"
"63","2011","1",1,0.66,"BROWN"
"64","2013","1",1,0.66,"BROWN"
"65","2016","1",1,0.67,"BROWN"
"66","2017","1",1,0.67,"BROWN"
"67","2018","1",1,0.67,"BROWN"
"68","2013","1",1,0.49,"CARROLL"
"69","2014","1",2,1,"CARROLL"
"70","2016","1",1,0.5,"CARROLL"
"71","2018","1",1,0.5,"CARROLL"
"72","2010","1",2,0.51,"CASS"
"73","2011","1",4,1.02,"CASS"
"74","2012","1",2,0.51,"CASS"
"75","2014","1",1,0.26,"CASS"
"76","2015","1",7,1.83,"CASS"
"77","2016","1",6,1.58,"CASS"
"78","2017","1",2,0.52,"CASS"
"79","2018","1",3,0.79,"CASS"
"80","2011","4",8,0.71,"CLARK"
"81","2011","3",8,0.71,"CLARK"
"82","2011","1",8,0.71,"CLARK"
"83","2012","2",4,0.35,"CLARK"
"84","2012","1",4,0.35,"CLARK"
"85","2013","2",4,0.35,"CLARK"
"86","2013","1",4,0.35,"CLARK"
"87","2014","2",3,0.26,"CLARK"
"88","2014","1",3,0.26,"CLARK"
"89","2015","1",1,0.08,"CLARK"
"90","2016","2",4,0.34,"CLARK"
"91","2016","1",4,0.34,"CLARK"
"92","2017","1",2,0.17,"CLARK"
"93","2011","1",3,1.11,"CLAY"
"94","2012","1",2,0.74,"CLAY"
"95","2013","1",1,0.37,"CLAY"
"96","2015","1",2,0.75,"CLAY"
"97","2016","1",1,0.38,"CLAY"
"98","2017","1",2,0.76,"CLAY"
"99","2018","2",3,1.14,"CLAY"
"100","2018","1",3,1.14,"CLAY"
"101","2010","1",4,1.2,"CLINTON"
"102","2011","1",2,0.6,"CLINTON"
"103","2012","1",3,0.91,"CLINTON"
"104","2013","1",2,0.6,"CLINTON"
"105","2014","1",1,0.3,"CLINTON"
"106","2015","1",4,1.22,"CLINTON"
"107","2016","1",1,0.3,"CLINTON"
"108","2017","1",2,0.61,"CLINTON"
"109","2018","1",3,0.92,"CLINTON"
"110","2010","1",1,0.93,"CRAWFORD"
"111","2011","1",1,0.94,"CRAWFORD"
"112","2010","1",1,0.31,"DAVIESS"
"113","2011","1",3,0.93,"DAVIESS"
"114","2012","1",1,0.31,"DAVIESS"
"115","2013","2",7,2.16,"DAVIESS"
"116","2013","1",7,2.16,"DAVIESS"
"117","2014","1",5,1.52,"DAVIESS"
"118","2015","1",2,0.6,"DAVIESS"
"119","2016","1",1,0.3,"DAVIESS"
"120","2017","1",2,0.6,"DAVIESS"
"121","2018","2",3,0.9,"DAVIESS"
"122","2018","1",3,0.9,"DAVIESS"
"123","2010","1",1,0.19,"DEARBORN"
"124","2011","1",1,0.19,"DEARBORN"
"125","2013","1",2,0.4,"DEARBORN"
"126","2010","1",1,0.38,"DECATUR"
"127","2011","1",1,0.38,"DECATUR"
"128","2012","1",2,0.76,"DECATUR"
"129","2014","1",1,0.37,"DECATUR"
"130","2016","1",2,0.75,"DECATUR"
"131","2017","1",2,0.75,"DECATUR"
"132","2010","2",2,0.47,"DEKALB"
"133","2011","1",1,0.23,"DEKALB"
"134","2012","1",1,0.23,"DEKALB"
"135","2013","3",3,0.7,"DEKALB"
"136","2014","1",2,0.47,"DEKALB"
"137","2016","1",1,0.23,"DEKALB"
"138","2018","1",2,0.46,"DEKALB"
"139","2010","1",3,0.25,"DELAWARE"
"140","2011","2",3,0.25,"DELAWARE"
"141","2011","1",3,0.25,"DELAWARE"
"142","2012","4",12,1.02,"DELAWARE"
"143","2012","2",12,1.02,"DELAWARE"
"144","2012","1",12,1.02,"DELAWARE"
"145","2013","3",8,0.68,"DELAWARE"
"146","2013","1",8,0.68,"DELAWARE"
"147","2014","2",4,0.34,"DELAWARE"
"148","2014","1",4,0.34,"DELAWARE"
"149","2015","2",5,0.43,"DELAWARE"
"150","2015","1",5,0.43,"DELAWARE"
"151","2016","1",5,0.43,"DELAWARE"
"152","2017","3",9,0.77,"DELAWARE"
"153","2017","1",9,0.77,"DELAWARE"
"154","2018","3",5,0.43,"DELAWARE"
"155","2018","1",5,0.43,"DELAWARE"
"156","2010","1",2,0.47,"DUBOIS"
"157","2011","2",2,0.47,"DUBOIS"
"158","2012","1",3,0.71,"DUBOIS"
"159","2014","1",3,0.7,"DUBOIS"
"160","2015","1",4,0.94,"DUBOIS"
"161","2016","1",2,0.47,"DUBOIS"
"162","2017","1",1,0.23,"DUBOIS"
"163","2010","2",14,0.7,"ELKHART"
"164","2010","1",14,0.7,"ELKHART"
"165","2011","3",13,0.65,"ELKHART"
"166","2011","2",13,0.65,"ELKHART"
"167","2011","1",13,0.65,"ELKHART"
"168","2012","3",16,0.8,"ELKHART"
"169","2012","1",16,0.8,"ELKHART"
"170","2013","2",10,0.49,"ELKHART"
"171","2013","1",10,0.49,"ELKHART"
"172","2014","2",13,0.64,"ELKHART"
"173","2014","1",13,0.64,"ELKHART"
"174","2015","4",14,0.68,"ELKHART"
"175","2015","2",14,0.68,"ELKHART"
"176","2015","1",14,0.68,"ELKHART"
"177","2016","4",17,0.83,"ELKHART"
"178","2016","1",17,0.83,"ELKHART"
"179","2017","4",17,0.83,"ELKHART"
"180","2017","2",17,0.83,"ELKHART"
"181","2017","1",17,0.83,"ELKHART"
"182","2018","5",15,0.73,"ELKHART"
"183","2018","1",15,0.73,"ELKHART"
"184","2010","1",1,0.41,"FAYETTE"
"185","2011","1",1,0.41,"FAYETTE"
"186","2012","1",1,0.41,"FAYETTE"
"187","2013","1",1,0.41,"FAYETTE"
"188","2014","1",2,0.85,"FAYETTE"
"189","2015","1",3,1.28,"FAYETTE"
"190","2016","1",1,0.42,"FAYETTE"
"191","2017","1",1,0.42,"FAYETTE"
"192","2018","2",3,1.28,"FAYETTE"
"193","2018","1",3,1.28,"FAYETTE"
"194","2010","2",2,0.26,"FLOYD"
"195","2011","2",4,0.53,"FLOYD"
"196","2011","1",4,0.53,"FLOYD"
"197","2012","1",1,0.13,"FLOYD"
"198","2013","2",2,0.26,"FLOYD"
"199","2014","1",1,0.13,"FLOYD"
"200","2016","1",1,0.12,"FLOYD"
"201","2018","1",1,0.12,"FLOYD"
"202","2011","1",1,0.58,"FOUNTAIN"
"203","2013","1",1,0.59,"FOUNTAIN"
"204","2014","1",1,0.59,"FOUNTAIN"
"205","2015","1",1,0.6,"FOUNTAIN"
"206","2017","1",1,0.6,"FOUNTAIN"
"207","2018","1",1,0.6,"FOUNTAIN"
"208","2010","1",1,0.47,"FULTON"
"209","2011","1",2,0.96,"FULTON"
"210","2012","1",2,0.96,"FULTON"
"211","2014","1",1,0.48,"FULTON"
"212","2015","1",3,1.47,"FULTON"
"213","2016","1",3,1.48,"FULTON"
"214","2018","1",3,1.48,"FULTON"
"215","2011","1",1,0.29,"GIBSON"
"216","2012","1",2,0.59,"GIBSON"
"217","2013","2",4,1.19,"GIBSON"
"218","2013","1",4,1.19,"GIBSON"
"219","2014","1",1,0.29,"GIBSON"
"220","2015","1",3,0.88,"GIBSON"
"221","2016","1",2,0.59,"GIBSON"
"222","2017","1",2,0.59,"GIBSON"
"223","2018","1",1,0.29,"GIBSON"
"224","2010","2",7,0.99,"GRANT"
"225","2010","1",7,0.99,"GRANT"
"226","2011","1",1,0.14,"GRANT"
"227","2012","1",3,0.43,"GRANT"
"228","2013","1",3,0.43,"GRANT"
"229","2014","2",8,1.16,"GRANT"
"230","2014","1",8,1.16,"GRANT"
"231","2015","1",4,0.59,"GRANT"
"232","2016","1",2,0.29,"GRANT"
"233","2017","2",5,0.74,"GRANT"
"234","2017","1",5,0.74,"GRANT"
"235","2018","1",3,0.44,"GRANT"
"236","2011","1",3,0.9,"GREENE"
"237","2012","1",1,0.3,"GREENE"
"238","2013","1",2,0.61,"GREENE"
"239","2014","1",3,0.91,"GREENE"
"240","2016","1",2,0.62,"GREENE"
"241","2018","1",1,0.31,"GREENE"
"242","2010","1",9,0.32,"HAMILTON"
"243","2011","1",13,0.45,"HAMILTON"
"244","2012","1",4,0.13,"HAMILTON"
"245","2013","2",5,0.16,"HAMILTON"
"246","2013","1",5,0.16,"HAMILTON"
"247","2014","2",13,0.42,"HAMILTON"
"248","2014","1",13,0.42,"HAMILTON"
"249","2015","1",10,0.32,"HAMILTON"
"250","2016","2",8,0.25,"HAMILTON"
"251","2016","1",8,0.25,"HAMILTON"
"252","2017","3",11,0.34,"HAMILTON"
"253","2017","1",11,0.34,"HAMILTON"
"254","2018","1",5,0.15,"HAMILTON"
"255","2010","1",2,0.28,"HANCOCK"
"256","2011","1",3,0.42,"HANCOCK"
"257","2012","2",3,0.42,"HANCOCK"
"258","2012","1",3,0.42,"HANCOCK"
"259","2013","1",2,0.28,"HANCOCK"
"260","2015","1",5,0.69,"HANCOCK"
"261","2016","1",3,0.4,"HANCOCK"
"262","2017","2",3,0.4,"HANCOCK"
"263","2017","1",3,0.4,"HANCOCK"
"264","2018","1",5,0.67,"HANCOCK"
"265","2010","1",1,0.25,"HARRISON"
"266","2011","1",2,0.51,"HARRISON"
"267","2012","1",1,0.25,"HARRISON"
"268","2013","1",1,0.25,"HARRISON"
"269","2016","1",3,0.75,"HARRISON"
"270","2018","1",1,0.25,"HARRISON"
"271","2010","1",4,0.27,"HENDRICKS"
"272","2011","1",3,0.2,"HENDRICKS"
"273","2012","1",4,0.26,"HENDRICKS"
"274","2013","1",6,0.39,"HENDRICKS"
"275","2014","1",3,0.19,"HENDRICKS"
"276","2015","2",9,0.56,"HENDRICKS"
"277","2015","1",9,0.56,"HENDRICKS"
"278","2016","2",11,0.68,"HENDRICKS"
"279","2016","1",11,0.68,"HENDRICKS"
"280","2017","1",4,0.24,"HENDRICKS"
"281","2018","1",6,0.37,"HENDRICKS"
"282","2010","1",2,0.4,"HENRY"
"283","2011","1",3,0.6,"HENRY"
"284","2013","1",2,0.4,"HENRY"
"285","2014","1",2,0.4,"HENRY"
"286","2015","1",2,0.4,"HENRY"
"287","2016","1",1,0.2,"HENRY"
"288","2018","1",3,0.61,"HENRY"
"289","2010","2",3,0.36,"HOWARD"
"290","2010","1",3,0.36,"HOWARD"
"291","2011","1",4,0.48,"HOWARD"
"292","2012","1",1,0.12,"HOWARD"
"293","2013","1",2,0.24,"HOWARD"
"294","2014","1",6,0.72,"HOWARD"
"295","2015","2",4,0.48,"HOWARD"
"296","2015","1",4,0.48,"HOWARD"
"297","2016","1",4,0.48,"HOWARD"
"298","2017","2",6,0.72,"HOWARD"
"299","2017","1",6,0.72,"HOWARD"
"300","2018","1",4,0.48,"HOWARD"
"301","2010","1",1,0.26,"HUNTINGTON"
"302","2011","1",3,0.8,"HUNTINGTON"
"303","2012","1",2,0.54,"HUNTINGTON"
"304","2014","1",1,0.27,"HUNTINGTON"
"305","2016","3",5,1.37,"HUNTINGTON"
"306","2016","1",5,1.37,"HUNTINGTON"
"307","2018","2",3,0.82,"HUNTINGTON"
"308","2018","1",3,0.82,"HUNTINGTON"
"309","2011","1",2,0.46,"JACKSON"
"310","2013","1",3,0.68,"JACKSON"
"311","2014","1",3,0.68,"JACKSON"
"312","2015","1",4,0.91,"JACKSON"
"313","2016","1",1,0.22,"JACKSON"
"314","2017","1",3,0.68,"JACKSON"
"315","2018","1",4,0.9,"JACKSON"
"316","2010","1",2,0.59,"JASPER"
"317","2011","1",3,0.89,"JASPER"
"318","2012","2",2,0.59,"JASPER"
"319","2015","2",3,0.89,"JASPER"
"320","2015","1",3,0.89,"JASPER"
"321","2016","1",5,1.49,"JASPER"
"322","2017","2",3,0.89,"JASPER"
"323","2017","1",3,0.89,"JASPER"
"324","2018","1",1,0.29,"JASPER"
"325","2011","2",4,1.87,"JAY"
"326","2011","1",4,1.87,"JAY"
"327","2012","1",3,1.4,"JAY"
"328","2013","1",3,1.41,"JAY"
"329","2014","1",1,0.47,"JAY"
"330","2015","1",2,0.94,"JAY"
"331","2016","1",3,1.42,"JAY"
"332","2017","1",2,0.95,"JAY"
"333","2018","1",2,0.95,"JAY"
"334","2010","1",1,0.3,"JEFFERSON"
"335","2011","1",2,0.61,"JEFFERSON"
"336","2012","1",1,0.3,"JEFFERSON"
"337","2013","1",1,0.3,"JEFFERSON"
"338","2018","1",1,0.3,"JEFFERSON"
"339","2010","1",1,0.35,"JENNINGS"
"340","2011","1",2,0.7,"JENNINGS"
"341","2012","1",1,0.35,"JENNINGS"
"342","2013","1",1,0.35,"JENNINGS"
"343","2015","1",1,0.35,"JENNINGS"
"344","2016","1",3,1.08,"JENNINGS"
"345","2018","2",3,1.08,"JENNINGS"
"346","2018","1",3,1.08,"JENNINGS"
"347","2010","1",6,0.42,"JOHNSON"
"348","2011","1",6,0.42,"JOHNSON"
"349","2012","1",9,0.62,"JOHNSON"
"350","2013","1",1,0.06,"JOHNSON"
"351","2014","1",3,0.2,"JOHNSON"
"352","2015","3",7,0.46,"JOHNSON"
"353","2015","1",7,0.46,"JOHNSON"
"354","2016","1",5,0.32,"JOHNSON"
"355","2017","1",5,0.32,"JOHNSON"
"356","2018","1",4,0.26,"JOHNSON"
"357","2010","1",2,0.52,"KNOX"
"358","2012","1",2,0.52,"KNOX"
"359","2013","1",1,0.26,"KNOX"
"360","2014","1",1,0.26,"KNOX"
"361","2015","1",2,0.52,"KNOX"
"362","2016","2",2,0.52,"KNOX"
"363","2017","1",3,0.79,"KNOX"
"364","2018","1",1,0.26,"KNOX"
"365","2010","1",5,0.64,"KOSCIUSKO"
"366","2011","1",6,0.77,"KOSCIUSKO"
"367","2012","1",4,0.51,"KOSCIUSKO"
"368","2013","1",4,0.51,"KOSCIUSKO"
"369","2014","2",5,0.63,"KOSCIUSKO"
"370","2014","1",5,0.63,"KOSCIUSKO"
"371","2015","1",6,0.76,"KOSCIUSKO"
"372","2016","1",5,0.63,"KOSCIUSKO"
"373","2017","1",3,0.37,"KOSCIUSKO"
"374","2018","1",4,0.5,"KOSCIUSKO"
"375","2010","1",6,1.61,"LAGRANGE"
"376","2011","1",1,0.26,"LAGRANGE"
"377","2012","2",6,1.59,"LAGRANGE"
"378","2012","1",6,1.59,"LAGRANGE"
"379","2013","1",2,0.52,"LAGRANGE"
"380","2014","1",2,0.52,"LAGRANGE"
"381","2015","1",3,0.77,"LAGRANGE"
"382","2017","1",3,0.76,"LAGRANGE"
"383","2018","1",3,0.76,"LAGRANGE"
"384","2010","6",15,0.3,"LAKE"
"385","2010","1",15,0.3,"LAKE"
"386","2011","5",28,0.56,"LAKE"
"387","2011","3",28,0.56,"LAKE"
"388","2011","2",28,0.56,"LAKE"
"389","2011","1",28,0.56,"LAKE"
"390","2012","6",31,0.62,"LAKE"
"391","2012","3",31,0.62,"LAKE"
"392","2012","2",31,0.62,"LAKE"
"393","2012","1",31,0.62,"LAKE"
"394","2013","4",28,0.56,"LAKE"
"395","2013","2",28,0.56,"LAKE"
"396","2013","1",28,0.56,"LAKE"
"397","2014","2",21,0.42,"LAKE"
"398","2014","1",21,0.42,"LAKE"
"399","2015","2",23,0.47,"LAKE"
"400","2015","1",23,0.47,"LAKE"
"401","2016","4",16,0.32,"LAKE"
"402","2016","3",16,0.32,"LAKE"
"403","2016","1",16,0.32,"LAKE"
"404","2017","3",20,0.41,"LAKE"
"405","2017","2",20,0.41,"LAKE"
"406","2017","1",20,0.41,"LAKE"
"407","2018","4",12,0.24,"LAKE"
"408","2018","1",12,0.24,"LAKE"
"409","2010","2",13,1.16,"LAPORTE"
"410","2010","1",13,1.16,"LAPORTE"
"411","2011","2",7,0.62,"LAPORTE"
"412","2011","1",7,0.62,"LAPORTE"
"413","2012","3",10,0.89,"LAPORTE"
"414","2012","1",10,0.89,"LAPORTE"
"415","2013","1",2,0.17,"LAPORTE"
"416","2014","1",6,0.53,"LAPORTE"
"417","2015","1",7,0.63,"LAPORTE"
"418","2016","1",7,0.63,"LAPORTE"
"419","2017","1",1,0.09,"LAPORTE"
"420","2018","2",7,0.63,"LAPORTE"
"421","2018","1",7,0.63,"LAPORTE"
"422","2010","1",4,0.86,"LAWRENCE"
"423","2011","1",1,0.21,"LAWRENCE"
"424","2012","1",2,0.43,"LAWRENCE"
"425","2013","1",1,0.21,"LAWRENCE"
"426","2014","1",2,0.43,"LAWRENCE"
"427","2015","1",1,0.21,"LAWRENCE"
"428","2016","1",2,0.43,"LAWRENCE"
"429","2017","1",1,0.21,"LAWRENCE"
"430","2018","1",4,0.87,"LAWRENCE"
"431","2010","1",6,0.45,"MADISON"
"432","2011","2",9,0.68,"MADISON"
"433","2011","1",9,0.68,"MADISON"
"434","2012","2",2,0.15,"MADISON"
"435","2013","4",14,1.07,"MADISON"
"436","2013","1",14,1.07,"MADISON"
"437","2014","2",6,0.46,"MADISON"
"438","2014","1",6,0.46,"MADISON"
"439","2015","1",5,0.38,"MADISON"
"440","2016","1",8,0.61,"MADISON"
"441","2017","2",5,0.38,"MADISON"
"442","2017","1",5,0.38,"MADISON"
"443","2018","1",7,0.54,"MADISON"
"444","2010","5",56,0.61,"MARION"
"445","2010","3",56,0.61,"MARION"
"446","2010","2",56,0.61,"MARION"
"447","2010","1",56,0.61,"MARION"
"448","2011","5",72,0.79,"MARION"
"449","2011","4",72,0.79,"MARION"
"450","2011","3",72,0.79,"MARION"
"451","2011","2",72,0.79,"MARION"
"452","2011","1",72,0.79,"MARION"
"453","2012","5",51,0.55,"MARION"
"454","2012","4",51,0.55,"MARION"
"455","2012","3",51,0.55,"MARION"
"456","2012","2",51,0.55,"MARION"
"457","2012","1",51,0.55,"MARION"
"458","2013","8",72,0.77,"MARION"
"459","2013","6",72,0.77,"MARION"
"460","2013","5",72,0.77,"MARION"
"461","2013","4",72,0.77,"MARION"
"462","2013","3",72,0.77,"MARION"
"463","2013","2",72,0.77,"MARION"
"464","2013","1",72,0.77,"MARION"
"465","2014","11",70,0.74,"MARION"
"466","2014","9",70,0.74,"MARION"
"467","2014","5",70,0.74,"MARION"
"468","2014","3",70,0.74,"MARION"
"469","2014","2",70,0.74,"MARION"
"470","2014","1",70,0.74,"MARION"
"471","2015","10",65,0.69,"MARION"
"472","2015","3",65,0.69,"MARION"
"473","2015","2",65,0.69,"MARION"
"474","2015","1",65,0.69,"MARION"
"475","2016","9",59,0.62,"MARION"
"476","2016","3",59,0.62,"MARION"
"477","2016","2",59,0.62,"MARION"
"478","2016","1",59,0.62,"MARION"
"479","2017","10",58,0.61,"MARION"
"480","2017","4",58,0.61,"MARION"
"481","2017","3",58,0.61,"MARION"
"482","2017","2",58,0.61,"MARION"
"483","2017","1",58,0.61,"MARION"
"484","2018","6",61,0.64,"MARION"
"485","2018","5",61,0.64,"MARION"
"486","2018","4",61,0.64,"MARION"
"487","2018","3",61,0.64,"MARION"
"488","2018","2",61,0.64,"MARION"
"489","2018","1",61,0.64,"MARION"
"490","2011","1",3,0.63,"MARSHALL"
"491","2015","2",6,1.28,"MARSHALL"
"492","2015","1",6,1.28,"MARSHALL"
"493","2016","1",3,0.64,"MARSHALL"
"494","2017","1",2,0.42,"MARSHALL"
"495","2018","1",2,0.42,"MARSHALL"
"496","2010","1",1,0.96,"MARTIN"
"497","2013","1",2,1.95,"MARTIN"
"498","2010","1",1,0.27,"MIAMI"
"499","2011","1",3,0.81,"MIAMI"
"500","2012","1",3,0.82,"MIAMI"
"501","2014","1",3,0.83,"MIAMI"
"502","2015","1",3,0.83,"MIAMI"
"503","2016","1",2,0.55,"MIAMI"
"504","2017","1",1,0.27,"MIAMI"
"505","2018","1",1,0.27,"MIAMI"
"506","2010","1",3,0.21,"MONROE"
"507","2011","1",4,0.28,"MONROE"
"508","2012","1",2,0.14,"MONROE"
"509","2013","2",6,0.42,"MONROE"
"510","2013","1",6,0.42,"MONROE"
"511","2014","2",4,0.27,"MONROE"
"512","2014","1",4,0.27,"MONROE"
"513","2015","1",5,0.34,"MONROE"
"514","2016","2",7,0.48,"MONROE"
"515","2016","1",7,0.48,"MONROE"
"516","2017","1",2,0.13,"MONROE"
"517","2018","1",6,0.41,"MONROE"
"518","2011","1",4,1.04,"MONTGOMERY"
"519","2012","1",3,0.78,"MONTGOMERY"
"520","2013","1",4,1.05,"MONTGOMERY"
"521","2014","1",1,0.26,"MONTGOMERY"
"522","2016","1",4,1.05,"MONTGOMERY"
"523","2017","1",2,0.52,"MONTGOMERY"
"524","2018","1",1,0.26,"MONTGOMERY"
"525","2010","1",1,0.14,"MORGAN"
"526","2011","1",3,0.43,"MORGAN"
"527","2012","1",2,0.28,"MORGAN"
"528","2013","1",4,0.57,"MORGAN"
"529","2014","1",1,0.14,"MORGAN"
"530","2015","1",2,0.28,"MORGAN"
"531","2016","1",3,0.43,"MORGAN"
"532","2017","1",1,0.14,"MORGAN"
"533","2018","2",5,0.71,"MORGAN"
"534","2018","1",5,0.71,"MORGAN"
"535","2011","1",3,2.12,"NEWTON"
"536","2016","1",1,0.71,"NEWTON"
"537","2018","1",1,0.71,"NEWTON"
"538","2010","1",2,0.42,"NOBLE"
"539","2011","1",3,0.63,"NOBLE"
"540","2013","1",5,1.05,"NOBLE"
"541","2014","1",4,0.84,"NOBLE"
"542","2015","2",2,0.41,"NOBLE"
"543","2016","1",3,0.62,"NOBLE"
"544","2017","1",4,0.83,"NOBLE"
"545","2018","1",3,0.62,"NOBLE"
"546","2010","1",1,0.5,"ORANGE"
"547","2014","1",2,1.01,"ORANGE"
"548","2015","1",3,1.53,"ORANGE"
"549","2016","1",3,1.55,"ORANGE"
"550","2017","1",1,0.51,"ORANGE"
"551","2018","2",2,1.03,"ORANGE"
"552","2011","1",2,0.92,"OWEN"
"553","2012","1",1,0.46,"OWEN"
"554","2016","1",4,1.91,"OWEN"
"555","2017","1",3,1.43,"OWEN"
"556","2018","1",1,0.47,"OWEN"
"557","2010","1",1,0.57,"PARKE"
"558","2011","1",2,1.16,"PARKE"
"559","2012","1",1,0.58,"PARKE"
"560","2013","1",1,0.58,"PARKE"
"561","2014","1",3,1.74,"PARKE"
"562","2016","1",1,0.59,"PARKE"
"563","2017","1",1,0.59,"PARKE"
"564","2010","1",1,0.51,"PERRY"
"565","2012","1",1,0.51,"PERRY"
"566","2011","1",2,1.57,"PIKE"
"567","2012","1",1,0.78,"PIKE"
"568","2018","1",1,0.8,"PIKE"
"569","2010","1",2,0.12,"PORTER"
"570","2011","1",2,0.12,"PORTER"
"571","2012","1",3,0.18,"PORTER"
"572","2013","1",7,0.42,"PORTER"
"573","2014","1",6,0.35,"PORTER"
"574","2015","1",3,0.17,"PORTER"
"575","2016","1",3,0.17,"PORTER"
"576","2017","1",1,0.05,"PORTER"
"577","2018","3",4,0.23,"PORTER"
"578","2018","1",4,0.23,"PORTER"
"579","2011","1",2,0.77,"POSEY"
"580","2012","1",2,0.78,"POSEY"
"581","2013","1",2,0.78,"POSEY"
"582","2014","1",1,0.39,"POSEY"
"583","2015","1",1,0.39,"POSEY"
"584","2011","1",1,0.75,"PULASKI"
"585","2012","1",1,0.76,"PULASKI"
"586","2014","1",1,0.77,"PULASKI"
"587","2017","1",4,3.15,"PULASKI"
"588","2011","1",2,0.52,"PUTNAM"
"589","2012","1",1,0.26,"PUTNAM"
"590","2013","1",1,0.26,"PUTNAM"
"591","2015","1",1,0.26,"PUTNAM"
"592","2016","1",3,0.8,"PUTNAM"
"593","2017","1",3,0.8,"PUTNAM"
"594","2018","1",1,0.26,"PUTNAM"
"595","2012","1",1,0.38,"RANDOLPH"
"596","2013","1",1,0.39,"RANDOLPH"
"597","2014","1",2,0.78,"RANDOLPH"
"598","2016","1",2,0.79,"RANDOLPH"
"599","2018","1",2,0.79,"RANDOLPH"
"600","2012","1",2,0.7,"RIPLEY"
"601","2014","1",1,0.35,"RIPLEY"
"602","2017","2",3,1.04,"RIPLEY"
"603","2017","1",3,1.04,"RIPLEY"
"604","2010","2",2,1.14,"RUSH"
"605","2012","1",2,1.16,"RUSH"
"606","2013","1",1,0.58,"RUSH"
"607","2015","1",1,0.59,"RUSH"
"608","2010","1",2,0.82,"SCOTT"
"609","2012","1",1,0.42,"SCOTT"
"610","2013","1",1,0.42,"SCOTT"
"611","2014","1",2,0.84,"SCOTT"
"612","2015","1",1,0.42,"SCOTT"
"613","2017","1",1,0.42,"SCOTT"
"614","2010","1",1,0.22,"SHELBY"
"615","2011","1",2,0.45,"SHELBY"
"616","2013","1",2,0.45,"SHELBY"
"617","2014","1",1,0.22,"SHELBY"
"618","2015","1",3,0.67,"SHELBY"
"619","2017","1",5,1.12,"SHELBY"
"620","2018","1",5,1.12,"SHELBY"
"621","2011","1",1,0.47,"SPENCER"
"622","2012","1",1,0.47,"SPENCER"
"623","2013","1",2,0.96,"SPENCER"
"624","2015","1",1,0.48,"SPENCER"
"625","2016","1",1,0.48,"SPENCER"
"626","2010","2",12,0.44,"ST JOSEPH"
"627","2010","1",12,0.44,"ST JOSEPH"
"628","2011","3",12,0.44,"ST JOSEPH"
"629","2011","1",12,0.44,"ST JOSEPH"
"630","2012","2",15,0.56,"ST JOSEPH"
"631","2012","1",15,0.56,"ST JOSEPH"
"632","2013","2",16,0.59,"ST JOSEPH"
"633","2013","1",16,0.59,"ST JOSEPH"
"634","2014","2",20,0.74,"ST JOSEPH"
"635","2014","1",20,0.74,"ST JOSEPH"
"636","2015","2",19,0.7,"ST JOSEPH"
"637","2015","1",19,0.7,"ST JOSEPH"
"638","2016","2",13,0.48,"ST JOSEPH"
"639","2016","1",13,0.48,"ST JOSEPH"
"640","2017","7",27,1,"ST JOSEPH"
"641","2017","2",27,1,"ST JOSEPH"
"642","2017","1",27,1,"ST JOSEPH"
"643","2018","2",10,0.37,"ST JOSEPH"
"644","2018","1",10,0.37,"ST JOSEPH"
"645","2012","1",4,1.72,"STARKE"
"646","2013","2",2,0.86,"STARKE"
"647","2014","1",2,0.86,"STARKE"
"648","2017","1",1,0.43,"STARKE"
"649","2010","1",1,0.29,"STEUBEN"
"650","2011","1",1,0.29,"STEUBEN"
"651","2012","1",1,0.29,"STEUBEN"
"652","2013","1",2,0.58,"STEUBEN"
"653","2014","2",4,1.16,"STEUBEN"
"654","2014","1",4,1.16,"STEUBEN"
"655","2015","1",2,0.58,"STEUBEN"
"656","2018","1",1,0.29,"STEUBEN"
"657","2010","1",1,0.46,"SULLIVAN"
"658","2011","1",1,0.47,"SULLIVAN"
"659","2016","1",4,1.92,"SULLIVAN"
"660","2017","1",1,0.48,"SULLIVAN"
"661","2010","1",1,0.94,"SWITZERLAND"
"662","2012","1",1,0.96,"SWITZERLAND"
"663","2010","1",3,0.17,"TIPPECANOE"
"664","2011","1",6,0.34,"TIPPECANOE"
"665","2012","2",7,0.39,"TIPPECANOE"
"666","2012","1",7,0.39,"TIPPECANOE"
"667","2013","2",10,0.55,"TIPPECANOE"
"668","2013","1",10,0.55,"TIPPECANOE"
"669","2014","3",13,0.7,"TIPPECANOE"
"670","2014","1",13,0.7,"TIPPECANOE"
"671","2015","6",15,0.8,"TIPPECANOE"
"672","2015","1",15,0.8,"TIPPECANOE"
"673","2016","1",3,0.15,"TIPPECANOE"
"674","2017","2",8,0.42,"TIPPECANOE"
"675","2017","1",8,0.42,"TIPPECANOE"
"676","2018","2",9,0.47,"TIPPECANOE"
"677","2018","1",9,0.47,"TIPPECANOE"
"678","2010","1",2,1.25,"TIPTON"
"679","2011","1",1,0.63,"TIPTON"
"680","2012","1",1,0.63,"TIPTON"
"681","2013","1",1,0.64,"TIPTON"
"682","2015","1",1,0.65,"TIPTON"
"683","2016","2",2,1.31,"TIPTON"
"684","2010","2",5,0.27,"VANDERBURGH"
"685","2010","1",5,0.27,"VANDERBURGH"
"686","2011","1",5,0.27,"VANDERBURGH"
"687","2012","1",12,0.66,"VANDERBURGH"
"688","2013","2",10,0.55,"VANDERBURGH"
"689","2013","1",10,0.55,"VANDERBURGH"
"690","2014","1",7,0.38,"VANDERBURGH"
"691","2015","2",7,0.38,"VANDERBURGH"
"692","2015","1",7,0.38,"VANDERBURGH"
"693","2016","4",10,0.55,"VANDERBURGH"
"694","2016","1",10,0.55,"VANDERBURGH"
"695","2017","1",7,0.38,"VANDERBURGH"
"696","2018","2",13,0.71,"VANDERBURGH"
"697","2018","1",13,0.71,"VANDERBURGH"
"698","2015","1",1,0.63,"VERMILLION"
"699","2017","1",1,0.63,"VERMILLION"
"700","2010","2",4,0.37,"VIGO"
"701","2010","1",4,0.37,"VIGO"
"702","2011","1",4,0.36,"VIGO"
"703","2012","1",6,0.55,"VIGO"
"704","2013","1",2,0.18,"VIGO"
"705","2014","3",9,0.83,"VIGO"
"706","2014","1",9,0.83,"VIGO"
"707","2015","2",7,0.64,"VIGO"
"708","2015","1",7,0.64,"VIGO"
"709","2016","1",4,0.37,"VIGO"
"710","2017","2",10,0.92,"VIGO"
"711","2017","1",10,0.92,"VIGO"
"712","2018","1",4,0.37,"VIGO"
"713","2010","1",1,0.3,"WABASH"
"714","2011","1",3,0.92,"WABASH"
"715","2012","2",2,0.61,"WABASH"
"716","2014","1",1,0.31,"WABASH"
"717","2015","1",2,0.62,"WABASH"
"718","2016","1",2,0.62,"WABASH"
"719","2012","1",1,1.19,"WARREN"
"720","2017","1",1,1.22,"WARREN"
"721","2018","1",2,2.44,"WARREN"
"722","2011","1",1,0.16,"WARRICK"
"723","2012","1",1,0.16,"WARRICK"
"724","2013","1",1,0.16,"WARRICK"
"725","2014","1",2,0.32,"WARRICK"
"726","2015","1",2,0.32,"WARRICK"
"727","2016","1",2,0.32,"WARRICK"
"728","2017","1",4,0.64,"WARRICK"
"729","2010","1",1,0.35,"WASHINGTON"
"730","2012","1",3,1.07,"WASHINGTON"
"731","2013","1",1,0.35,"WASHINGTON"
"732","2018","1",1,0.36,"WASHINGTON"
"733","2010","1",2,0.29,"WAYNE"
"734","2011","2",2,0.29,"WAYNE"
"735","2012","3",7,1.02,"WAYNE"
"736","2012","1",7,1.02,"WAYNE"
"737","2013","2",5,0.73,"WAYNE"
"738","2013","1",5,0.73,"WAYNE"
"739","2014","1",3,0.44,"WAYNE"
"740","2015","1",5,0.74,"WAYNE"
"741","2016","1",2,0.3,"WAYNE"
"742","2017","1",4,0.6,"WAYNE"
"743","2018","1",3,0.45,"WAYNE"
"744","2010","1",1,0.36,"WELLS"
"745","2011","1",3,1.08,"WELLS"
"746","2012","1",1,0.36,"WELLS"
"747","2014","1",1,0.35,"WELLS"
"748","2015","1",1,0.35,"WELLS"
"749","2018","1",1,0.35,"WELLS"
"750","2010","1",1,0.4,"WHITE"
"751","2011","1",1,0.4,"WHITE"
"752","2012","1",1,0.41,"WHITE"
"753","2013","1",2,0.82,"WHITE"
"754","2014","1",2,0.82,"WHITE"
"755","2015","1",1,0.41,"WHITE"
"756","2017","1",2,0.83,"WHITE"
"757","2018","1",3,1.25,"WHITE"
"758","2010","1",2,0.6,"WHITLEY"
"759","2011","1",1,0.3,"WHITLEY"
"760","2013","1",2,0.6,"WHITLEY"
"761","2014","1",3,0.89,"WHITLEY"
"762","2016","1",4,1.19,"WHITLEY"
"763","2017","1",4,1.19,"WHITLEY"
"764","2018","1",1,0.29,"WHITLEY"
